"customerId";"FirstName";"LastName";"middleName";"userName";"passwordHash";"mobile";"staysAt"
1;"Kassandra";"Cookes";"Anderton";"kanderton0";"$2a$04$ykcCrxH6KyvlhuVKR1FcLeRlQOp4PTq.uPl7AUU/WbZfPgJ8WqSgy";"896-927-4662";1
2;"Jenda";"Leheude";"Tillerton";"jtillerton1";"$2a$04$glXTZP.prIXJFlnmeydFDO1YmedYiXz9gUA/ZiZWGWdEv0i.akFRi";"759-749-3771";2
3;"Dolly";"Sailor";"Reid";"dreid2";"$2a$04$l4aWmXzycO4CU9g9gL83lenp/Av6w9M0OZMp9uEzSowWmJ1Wh3ipi";"285-301-1794";3
4;"Shay";"Stoade";"Procter";"sprocter3";"$2a$04$OvBlUaDe1L0agvtfexF9MO9ZiCrs42BlVIBWfGBzGL438R2MtDP5.";"235-389-4636";4
5;"Ardelis";"Llewellyn";"Maytom";"amaytom4";"$2a$04$ljLCY1OE1yWNfs35w/WiRuhTg2oDfM1DBY5fz./n0xCME3qEv3iBK";"930-343-8214";5
6;"Deeann";"McShea";"McPhelimy";"dmcphelimy5";"$2a$04$bnk5/cSYIfAq3jXolDKvKO0UD0c1wx4wKyxrWfyCzkixb.3LOPzYq";"138-256-4285";6
7;"Bernie";"Dollen";"Sale";"bsale6";"$2a$04$u7wHn0EzIfgbaqq0wynHAe3evfaVOfLNodgtg0vh99BSJWgTWBHkK";"287-157-2098";7
8;"Shani";"Lottrington";"Ainscough";"sainscough7";"$2a$04$bjmFthZ3T2t/gNvR8owP8uaZ4rQenRgpiZc5oWUvSVY94Tz8OdkN6";"704-249-7451";8
9;"Tory";"Guyan";"Baldinotti";"tbaldinotti8";"$2a$04$NMsJQh7EqyaWGqMWRuUEHOQmFhYPsQIRjfGdhVjfnY19KCJ5rE3me";"650-293-9593";9
10;"Antin";"Blaiklock";"Goadbie";"agoadbie9";"$2a$04$abEZ8xekkH4My8k4WlsYKOnrg7iUT.60C.x2D0PlylMRlCTAL.DZu";"331-833-0043";10
11;"Fenelia";"Cotter";"Cratere";"fcraterea";"$2a$04$2n4qIxLGWlB6PgTZAd2nKONF8gtXq2zICRwAadqChfMrNghEdQknC";"658-619-8636";11
12;"Sutherland";"Titchen";"Adacot";"sadacotb";"$2a$04$A0oSMPpmKRvHlsuNZahRm.uAP70VyaKMr9FYPd.OGH6DmCA9nMibi";"219-955-1402";12
13;"Jocelin";"Brecon";"Gladyer";"jgladyerc";"$2a$04$AwvoW1IH5eEhxVHZwdx99.JlOuqu.oX8zupcC2Vm0ScNd4Fd09R6O";"259-909-2315";13
14;"Kit";"Vallender";"Gofford";"kgoffordd";"$2a$04$Hyq7JV/tXMblpatlopes9.PODjGwOfab4hoqgmdfj3In6HDoK24N.";"394-861-1250";14
15;"Laughton";"Ainge";"Churchill";"lchurchille";"$2a$04$yBjlvJ3ixff7q2.9An5iw.636tXmyM3TbZxKNqV7USn1uWQHhkgDG";"823-426-9924";15
16;"Finn";"Melrose";"Cinderey";"fcindereyf";"$2a$04$1xOziI7NRroV2rEsHH.IOukJ640h1vjWlma2Y6LJQu9FBwFQf18e.";"722-513-5853";16
17;"Clarissa";"Gutridge";"Ravenshear";"cravenshearg";"$2a$04$YjoU5zH1DW8.TilO2slVEORAN/tMfrmyI.6G31L786r5rAfmp61OW";"142-167-5163";17
18;"Lemmy";"Cockin";"Ferrulli";"lferrullih";"$2a$04$ogAbbMb2343oMdu57hzcgOw7cXYy5fivVEwAMGBy4oGjol/GK1uOi";"726-660-6033";18
19;"Wyn";"Farnhill";"Verriour";"wverriouri";"$2a$04$7ciHNfTx4Z9bh.qarzcKB.FbR4n96smNsy6cJPHCNXpgTRCnYHNb2";"965-137-4504";19
20;"Fae";"Buckett";"Forshaw";"fforshawj";"$2a$04$sTCPr6eAAyykOqb8vh0Vi.rXwRJQM8j8/poR9ij8jxAPP3FAyYL7S";"985-171-3531";20
21;"Alfi";"Wilds";"Damarell";"adamarellk";"$2a$04$IHRpiM83V06osOajI1fjSexLASn8.YphfbV3XUE0HNNNqdurd98pW";"247-698-3855";21
22;"Lindie";"Stawell";"Mandrake";"lmandrakel";"$2a$04$1rFPvzOixm3fg9G2M0rE0.uFcEBvXgcfy2nccGtlNApQEVZhSOOMi";"540-260-4680";22
23;"Gratia";"Hawley";"Chasier";"gchasierm";"$2a$04$NOXqnZ5ySS530Tzisco2h.Ea4j5M9oMATQZhdk.2TFWtR4eeQX/7K";"583-603-3983";23
24;"Bill";"Look";"Eastope";"beastopen";"$2a$04$po7BMMDv61b2lBUY9HQZwOVelFmmWE3hp4z3xfp7Ry.ix2VfKjoAO";"285-963-1051";24
25;"Aurora";"Bellham";"Gabey";"agabeyo";"$2a$04$yXmLalqdos.f8UAJCIFth.uovaLV149eQEuWCx.mjOPuKkx6DdH1m";"635-277-5439";25
26;"Teddie";"Culbard";"Chattaway";"tchattawayp";"$2a$04$JXHRZcZA/keovi2LphN8LOyJM2OhGoIKRslx1rEZcsZdvRnLdqrli";"526-612-8431";26
27;"Bronny";"Moodie";"Woodhall";"bwoodhallq";"$2a$04$erEp28uya7g6iYTadzZIVubuqkyzzFAoIIccrUYHSZAHT72XOUtDS";"715-499-8511";27
28;"Corby";"Schimke";"Deshon";"cdeshonr";"$2a$04$Z/P0olf4sf4ZBklSoMkgBeDhmNyFlgs65/y4QGn5XIGPjJDVXyBNO";"969-382-1379";28
29;"Jordon";"Hender";"Gelardi";"jgelardis";"$2a$04$N2GjsC4EaYjbcT/Vb6nufue27oU.eB/QMdPtBzNL5HqIxc3eOxey2";"423-125-6463";29
30;"Langsdon";"Geerdts";"Channer";"lchannert";"$2a$04$TtMlqyvK8yYjRPu4P2i.8uOZS8dG1oKPMq6Mvb9DrOaKX1NJO6ITW";"763-369-4276";30
31;"Beatrisa";"Schober";"Ahearne";"bahearneu";"$2a$04$JHcSa/Rz05IuW9jit5udX.G7V6ynEHPc9ElhLNAglz2Nm9mr5g.e2";"390-782-5700";31
32;"Verge";"Jiggen";"Bruton";"vbrutonv";"$2a$04$R1mm9phLc5YzX0TnCUZgYeUljyUngTF1UynYUIVfmKzvqwNacoBm2";"872-532-2602";32
33;"Wilt";"McCauley";"Kingerby";"wkingerbyw";"$2a$04$nYCjbq33u/tavFpMyya1XOjdPgTnSRLkM6wp.7nd5jC1/iFsA0Yiy";"323-385-1516";33
34;"Marcela";"Grelak";"Schenfisch";"mschenfischx";"$2a$04$TmO3eOkbxnXwaqez6vIuM.vYcLEpCGRoe4ajvJi.G1fwKiOToKFcO";"679-338-8277";34
35;"Lindie";"Ottosen";"Durdan";"ldurdany";"$2a$04$x7I6NTElxP7q6eoP0lYD8.aflTkFP2TSuVEv5bI0.uJLf369LFrDW";"194-737-1481";35
36;"Tristan";"Dumphrey";"Klammt";"tklammtz";"$2a$04$v2rkC.03Ndf1K5du0quCBei4ZLCTnEeZjd9u9MERiW1wBuPixmH4i";"820-642-2851";36
37;"Isidro";"Dickson";"Eliyahu";"ieliyahu10";"$2a$04$u8Plbcjumw/gChgSA6dDjOifMT.gePlhlbcMYwueCNlEn3vBEcP8y";"402-160-9902";37
38;"Obadiah";"Heindrick";"Purle";"opurle11";"$2a$04$xohS754sHb1pK4RdkwlI6.X8Mob0yeAHT.iobsrUQwR4WPgdlnWbO";"137-208-6183";38
39;"Anjela";"Denial";"Arkow";"aarkow12";"$2a$04$VjJoyU4b70kFqoeL0RLVD.ssjRFwSMMRv7rqWpqBPBTBrEpMg1hEu";"188-473-3569";39
40;"Heidi";"Buckenhill";"Patington";"hpatington13";"$2a$04$xLcOz8K6anIa8T8G9atT6eyVUGCwW.ry8kZgg46PVkedZS9ROH/Fa";"351-904-4102";40
41;"Wain";"Suerz";"Huson";"whuson14";"$2a$04$Yd//vJB9KWn5J0d5ng5GA.RQ15aZ6xNL277r5jtjWxWV2dJbn5el6";"313-538-1530";41
42;"Burgess";"Eakin";"Goulston";"bgoulston15";"$2a$04$Rt35uJIxrNWRi3o5omQCNe7emrC56aFtVJjGhe9H3orc0sRvtJHbq";"249-304-8957";42
43;"Bobbie";"Rotter";"Recher";"brecher16";"$2a$04$9Zi8UoFE/u8rtVeIEb9p3eIvkalKa8p9bxiJvdwn7S8Pf0lGDFz4i";"577-977-7864";43
44;"Weston";"Crowden";"Arnowitz";"warnowitz17";"$2a$04$4M7yH1eQ5UwQV2GQDVSxcOD8DsCMjIErzNobGiasNVtXlj0RYq0My";"142-118-3168";44
45;"Court";"Manjot";"Gooders";"cgooders18";"$2a$04$eTkaOqb.BKT7W86olkaBCujRj.Wj4.r2q.pRzhkDDFymY8U5m7.Um";"827-727-7861";45
46;"Vinita";"Succamore";"Wetherby";"vwetherby19";"$2a$04$XwmsYYVMgcOG.hK.WcgzL.esB9BlZ8DUvSqIm.0CqtY5M16JBv3Ui";"984-164-1779";46
47;"Maisie";"Haslum";"Strick";"mstrick1a";"$2a$04$MS7bIzdwxbPYb5glsRcIWOX1axsfRy808kjn.Ic2ZDS/mFxj93Ww6";"110-214-9146";47
48;"Rona";"Pleming";"Eustace";"reustace1b";"$2a$04$iyAbUh39MA6kNZeDzFCkJOwE6p.9.FnFn3gQ4P4cHv/rKRUgpvBsq";"455-888-9363";48
49;"Zena";"Kremer";"Fairfull";"zfairfull1c";"$2a$04$f5diTNtSXhQr28qriDRAt.PKg6OnChyjGfLdEcPnPvPbGMF4puhhG";"960-659-8363";49
50;"Jere";"Woodberry";"Burnsall";"jburnsall1d";"$2a$04$JSZjjvpa8rxeg0Tf6tma7.aOMFZsQId0tqXKZfr36cMZjkh1ZbRJS";"568-430-5827";50
